{
    "X": 0.08370565361718585,
    "Y": 1.0000000667805005
}